config,seed,restart,init_cost,final_cost,improvement_pct,time_s,op_ChangeRoom,op_ChangeDay,op_ChangeOT,op_Relocate,op_SwapRooms,op_SwapDays,op_ToggleOpt,op_ChangeNurse
all,42,1,47366,44087,6.92,1.838,68,0,45,42,47,18,0,0
all,42,2,46881,43648,6.90,1.576,48,0,47,24,41,18,1,0
all,42,3,46593,43410,6.83,2.094,72,0,40,26,52,17,0,0
all,42,4,47278,43382,8.24,2.067,52,1,39,27,67,19,4,0
all,42,5,46184,43387,6.06,1.423,56,1,41,13,36,14,1,0
all,43,1,45495,41725,8.29,2.059,67,0,38,31,59,22,3,0
all,43,2,45232,42825,5.32,1.910,59,0,41,32,34,17,0,0
all,43,3,45672,42674,6.56,1.735,60,0,37,24,43,15,2,0
all,43,4,46599,43260,7.17,1.582,46,0,43,38,35,24,2,0
all,43,5,45984,41993,8.68,1.908,60,2,55,23,61,24,4,0
all,44,1,47555,43585,8.35,1.799,57,1,50,30,53,26,5,0
all,44,2,47698,44546,6.61,2.490,68,0,49,22,57,18,1,0
all,44,3,47126,43115,8.51,2.103,73,0,42,28,60,22,1,0
all,44,4,46353,43020,7.19,1.751,72,0,42,22,34,27,3,0
all,44,5,47389,43751,7.68,1.715,55,0,39,24,48,11,2,0
all,45,1,47883,44700,6.65,1.836,60,0,35,32,57,28,1,0
all,45,2,46159,42030,8.95,2.042,61,0,42,34,54,22,1,0
all,45,3,47384,44497,6.09,1.430,50,1,32,19,40,15,1,0
all,45,4,46474,43730,5.90,1.522,53,0,43,30,42,19,1,0
all,45,5,46201,43679,5.46,1.744,65,0,34,23,41,12,0,0
all,46,1,46206,42186,8.70,1.986,56,0,39,24,50,25,7,0
all,46,2,46678,42920,8.05,1.993,70,1,50,46,65,25,1,0
all,46,3,45921,43030,6.30,1.605,42,0,50,40,27,13,3,0
all,46,4,47476,43953,7.42,1.717,39,1,45,30,37,21,3,0
all,46,5,45802,41723,8.91,1.756,53,1,51,34,35,21,6,0
no_LS,42,1,47366,47366,0.00,0.000,0,0,0,0,0,0,0,0
no_LS,42,2,45865,45865,0.00,0.000,0,0,0,0,0,0,0,0
no_LS,42,3,46699,46699,0.00,0.000,0,0,0,0,0,0,0,0
no_LS,42,4,46459,46459,0.00,0.000,0,0,0,0,0,0,0,0
no_LS,42,5,46412,46412,0.00,0.000,0,0,0,0,0,0,0,0
no_LS,43,1,45495,45495,0.00,0.000,0,0,0,0,0,0,0,0
no_LS,43,2,47310,47310,0.00,0.000,0,0,0,0,0,0,0,0
no_LS,43,3,47820,47820,0.00,0.000,0,0,0,0,0,0,0,0
no_LS,43,4,46650,46650,0.00,0.000,0,0,0,0,0,0,0,0
no_LS,43,5,46315,46315,0.00,0.000,0,0,0,0,0,0,0,0
no_LS,44,1,47555,47555,0.00,0.000,0,0,0,0,0,0,0,0
no_LS,44,2,46791,46791,0.00,0.000,0,0,0,0,0,0,0,0
no_LS,44,3,46858,46858,0.00,0.000,0,0,0,0,0,0,0,0
no_LS,44,4,45371,45371,0.00,0.000,0,0,0,0,0,0,0,0
no_LS,44,5,45679,45679,0.00,0.000,0,0,0,0,0,0,0,0
no_LS,45,1,47883,47883,0.00,0.000,0,0,0,0,0,0,0,0
no_LS,45,2,46691,46691,0.00,0.000,0,0,0,0,0,0,0,0
no_LS,45,3,45663,45663,0.00,0.000,0,0,0,0,0,0,0,0
no_LS,45,4,46305,46305,0.00,0.000,0,0,0,0,0,0,0,0
no_LS,45,5,46318,46318,0.00,0.000,0,0,0,0,0,0,0,0
no_LS,46,1,46206,46206,0.00,0.000,0,0,0,0,0,0,0,0
no_LS,46,2,47144,47144,0.00,0.000,0,0,0,0,0,0,0,0
no_LS,46,3,46274,46274,0.00,0.000,0,0,0,0,0,0,0,0
no_LS,46,4,47738,47738,0.00,0.000,0,0,0,0,0,0,0,0
no_LS,46,5,47688,47688,0.00,0.000,0,0,0,0,0,0,0,0
no_ChangeRoom,42,1,47366,43853,7.42,1.637,0,0,65,56,86,24,1,0
no_ChangeRoom,42,2,46762,43229,7.56,1.532,0,1,57,51,77,25,3,0
no_ChangeRoom,42,3,46434,43654,5.99,1.210,0,3,41,28,58,12,3,0
no_ChangeRoom,42,4,46391,43197,6.88,1.528,0,0,60,47,62,36,1,0
no_ChangeRoom,42,5,45776,42701,6.72,1.689,0,0,50,46,74,19,0,0
no_ChangeRoom,43,1,45495,41769,8.19,1.782,0,2,56,54,84,21,4,0
no_ChangeRoom,43,2,46636,42466,8.94,1.745,0,1,59,53,74,36,2,0
no_ChangeRoom,43,3,45863,42437,7.47,1.585,0,0,58,55,61,35,1,0
no_ChangeRoom,43,4,46176,41968,9.11,1.727,0,3,52,53,86,41,4,0
no_ChangeRoom,43,5,47469,44050,7.20,1.489,0,0,59,52,61,21,1,0
no_ChangeRoom,44,1,47555,43475,8.58,1.327,0,1,53,57,57,27,7,0
no_ChangeRoom,44,2,46486,43081,7.32,1.603,0,0,56,58,65,22,1,0
no_ChangeRoom,44,3,46187,42432,8.13,1.704,0,1,61,48,72,26,2,0
no_ChangeRoom,44,4,46785,43199,7.66,1.621,0,0,69,64,61,29,1,0
no_ChangeRoom,44,5,46976,43661,7.06,1.624,0,1,60,49,73,30,2,0
no_ChangeRoom,45,1,47883,44429,7.21,1.321,0,0,60,48,61,15,2,0
no_ChangeRoom,45,2,46469,43149,7.14,1.722,0,1,66,54,64,21,1,0
no_ChangeRoom,45,3,47522,43556,8.35,1.594,0,1,60,47,75,31,4,0
no_ChangeRoom,45,4,46780,42959,8.17,1.509,0,0,56,44,66,24,2,0
no_ChangeRoom,45,5,46861,43880,6.36,1.320,0,2,39,38,61,11,5,0
no_ChangeRoom,46,1,46206,42648,7.70,1.172,0,0,39,40,60,22,3,0
no_ChangeRoom,46,2,45550,42516,6.66,1.327,0,0,55,44,64,18,2,0
no_ChangeRoom,46,3,46484,43227,7.01,1.812,0,0,62,55,70,20,3,0
no_ChangeRoom,46,4,46402,43384,6.50,1.394,0,0,45,41,52,26,0,0
no_ChangeRoom,46,5,45524,41980,7.78,1.310,0,0,64,37,61,31,1,0
no_ChangeDay,42,1,47366,43679,7.78,2.262,77,0,48,34,63,28,1,0
no_ChangeDay,42,2,47006,42824,8.90,1.921,68,0,39,27,56,31,5,0
no_ChangeDay,42,3,47567,43810,7.90,1.733,49,0,35,45,48,22,1,0
no_ChangeDay,42,4,45866,42308,7.76,1.927,37,0,44,36,55,18,2,0
no_ChangeDay,42,5,46783,42802,8.51,1.808,74,0,43,25,40,20,5,0
no_ChangeDay,43,1,45495,42494,6.60,1.571,49,0,42,19,36,22,2,0
no_ChangeDay,43,2,46533,43009,7.57,1.825,63,0,52,31,50,24,1,0
no_ChangeDay,43,3,46855,43657,6.83,1.737,57,0,46,25,56,24,4,0
no_ChangeDay,43,4,46019,42629,7.37,1.378,62,0,36,27,37,16,1,0
no_ChangeDay,43,5,46732,43315,7.31,1.777,60,0,43,36,52,16,1,0
no_ChangeDay,44,1,47555,43536,8.45,1.872,58,0,41,37,58,20,7,0
no_ChangeDay,44,2,45949,42660,7.16,1.472,39,0,41,19,43,17,3,0
no_ChangeDay,44,3,46690,42524,8.92,2.252,62,0,46,27,66,27,3,0
no_ChangeDay,44,4,46970,42744,9.00,1.729,61,0,46,34,44,28,3,0
no_ChangeDay,44,5,45780,42583,6.98,1.805,49,0,39,21,47,16,2,0
no_ChangeDay,45,1,47883,44836,6.36,1.858,57,0,27,32,51,16,1,0
no_ChangeDay,45,2,46656,43049,7.73,1.811,61,0,51,26,57,18,1,0
no_ChangeDay,45,3,46420,43002,7.36,1.884,56,0,37,35,43,23,2,0
no_ChangeDay,45,4,45407,42485,6.44,1.624,61,0,43,32,47,19,0,0
no_ChangeDay,45,5,45120,41472,8.09,1.903,61,0,40,31,52,18,4,0
no_ChangeDay,46,1,46206,42790,7.39,1.679,57,0,36,33,40,21,2,0
no_ChangeDay,46,2,46599,43190,7.32,1.803,51,0,43,24,40,20,4,0
no_ChangeDay,46,3,46448,42824,7.80,1.936,41,0,38,39,62,18,4,0
no_ChangeDay,46,4,47139,43580,7.55,1.750,60,0,38,33,63,26,1,0
no_ChangeDay,46,5,47518,43364,8.74,1.913,65,0,44,25,47,27,5,0
no_ChangeOT,42,1,47366,44323,6.42,1.787,71,0,0,35,52,20,0,0
no_ChangeOT,42,2,46427,43134,7.09,1.316,60,1,0,25,41,24,1,0
no_ChangeOT,42,3,47500,43903,7.57,1.908,79,6,0,43,51,30,2,0
no_ChangeOT,42,4,46119,42740,7.33,1.638,63,0,0,35,45,27,2,0
no_ChangeOT,42,5,46745,42615,8.84,2.195,96,3,0,35,55,36,3,0
no_ChangeOT,43,1,45495,42597,6.37,1.253,45,0,0,33,50,22,2,0
no_ChangeOT,43,2,46415,43258,6.80,1.385,69,0,0,33,45,23,0,0
no_ChangeOT,43,3,46562,43225,7.17,1.671,62,0,0,32,52,34,1,0
no_ChangeOT,43,4,47201,43926,6.94,1.346,47,1,0,37,31,28,2,0
no_ChangeOT,43,5,46971,44027,6.27,1.585,63,1,0,32,61,13,1,0
no_ChangeOT,44,1,47555,43522,8.48,1.484,67,1,0,39,47,22,7,0
no_ChangeOT,44,2,45742,41908,8.38,1.828,62,1,0,40,53,25,2,0
no_ChangeOT,44,3,46548,43209,7.17,1.893,69,0,0,25,39,33,2,0
no_ChangeOT,44,4,46251,43321,6.33,1.526,73,1,0,26,51,21,1,0
no_ChangeOT,44,5,47657,44453,6.72,1.389,59,2,0,30,52,15,1,0
no_ChangeOT,45,1,47883,44848,6.34,1.455,44,0,0,35,52,16,1,0
no_ChangeOT,45,2,46655,43631,6.48,1.518,59,0,0,38,37,24,0,0
no_ChangeOT,45,3,46829,43133,7.89,1.572,84,3,0,34,52,22,3,0
no_ChangeOT,45,4,45862,43463,5.23,1.479,58,1,0,23,45,12,2,0
no_ChangeOT,45,5,48158,44083,8.46,1.692,65,4,0,35,52,32,2,0
no_ChangeOT,46,1,46206,42244,8.57,1.587,62,1,0,38,51,24,5,0
no_ChangeOT,46,2,47089,43503,7.62,1.525,67,3,0,36,60,28,4,0
no_ChangeOT,46,3,47824,43516,9.01,1.846,87,0,0,34,48,23,3,0
no_ChangeOT,46,4,46961,43608,7.14,1.890,73,0,0,34,59,28,2,0
no_ChangeOT,46,5,46222,42478,8.10,1.642,81,1,0,35,49,28,2,0
no_Relocate,42,1,47366,43985,7.14,1.985,86,1,34,0,58,12,1,0
no_Relocate,42,2,47657,44275,7.10,1.780,71,1,43,0,53,17,2,0
no_Relocate,42,3,47553,44016,7.44,1.938,85,1,37,0,63,17,3,0
no_Relocate,42,4,46040,42185,8.37,1.576,55,1,41,0,58,22,4,0
no_Relocate,42,5,47197,43359,8.13,2.144,84,4,41,0,73,17,2,0
no_Relocate,43,1,45495,41886,7.93,1.690,76,1,42,0,56,23,3,0
no_Relocate,43,2,46673,42507,8.93,1.980,90,0,33,0,58,25,5,0
no_Relocate,43,3,46192,42041,8.99,1.788,66,2,44,0,41,27,4,0
no_Relocate,43,4,46464,42267,9.03,2.207,76,0,44,0,77,19,1,0
no_Relocate,43,5,46335,42802,7.62,1.813,68,0,38,0,64,29,1,0
no_Relocate,44,1,47555,43307,8.93,1.875,78,1,39,0,49,38,7,0
no_Relocate,44,2,46488,42394,8.81,1.755,67,0,38,0,72,20,3,0
no_Relocate,44,3,46557,42074,9.63,1.913,71,2,36,0,66,36,5,0
no_Relocate,44,4,46402,42493,8.42,1.980,81,3,36,0,49,25,2,0
no_Relocate,44,5,46832,42716,8.79,2.153,73,0,51,0,62,37,5,0
no_Relocate,45,1,47883,44213,7.66,2.268,99,1,37,0,70,23,3,0
no_Relocate,45,2,46225,41860,9.44,1.999,76,4,37,0,70,19,2,0
no_Relocate,45,3,45894,41433,9.72,2.092,92,2,40,0,60,28,5,0
no_Relocate,45,4,46520,43161,7.22,1.650,71,0,38,0,52,25,4,0
no_Relocate,45,5,47533,44208,7.00,1.781,78,0,32,0,61,13,3,0
no_Relocate,46,1,46206,41981,9.14,1.588,77,3,39,0,63,24,5,0
no_Relocate,46,2,46436,43846,5.58,1.818,72,0,36,0,60,11,0,0
no_Relocate,46,3,47424,44415,6.34,1.608,72,0,39,0,41,24,2,0
no_Relocate,46,4,47194,44144,6.46,2.177,86,1,30,0,63,22,2,0
no_Relocate,46,5,46826,43518,7.06,1.660,70,1,33,0,52,27,1,0
no_SwapRooms,42,1,47366,43966,7.18,1.774,74,1,50,46,0,16,3,0
no_SwapRooms,42,2,46610,43320,7.06,1.832,78,0,53,35,0,21,1,0
no_SwapRooms,42,3,48083,43556,9.41,1.528,72,3,42,38,0,21,5,0
no_SwapRooms,42,4,46624,43073,7.62,1.753,72,0,54,33,0,25,3,0
no_SwapRooms,42,5,46408,43163,6.99,1.280,63,2,44,26,0,22,1,0
no_SwapRooms,43,1,45495,42503,6.58,1.448,59,1,45,30,0,26,4,0
no_SwapRooms,43,2,47037,43841,6.79,1.464,59,0,45,34,0,18,3,0
no_SwapRooms,43,3,46354,42346,8.65,1.671,79,2,43,30,0,34,5,0
no_SwapRooms,43,4,46386,42952,7.40,1.414,69,2,46,38,0,20,3,0
no_SwapRooms,43,5,46143,43132,6.53,1.477,63,0,40,38,0,20,1,0
no_SwapRooms,44,1,47555,43591,8.34,1.625,61,3,47,36,0,24,9,0
no_SwapRooms,44,2,47352,43841,7.41,1.505,61,0,58,44,0,25,2,0
no_SwapRooms,44,3,46873,44189,5.73,1.790,79,0,46,35,0,25,0,0
no_SwapRooms,44,4,45948,42280,7.98,1.540,70,2,53,38,0,24,4,0
no_SwapRooms,44,5,46816,43340,7.42,1.464,78,0,45,29,0,36,2,0
no_SwapRooms,45,1,47883,44706,6.63,1.915,88,0,51,34,0,24,2,0
no_SwapRooms,45,2,46249,42324,8.49,2.040,96,0,51,33,0,29,1,0
no_SwapRooms,45,3,47143,43188,8.39,1.587,70,0,52,39,0,18,2,0
no_SwapRooms,45,4,46380,43555,6.09,1.385,60,0,44,26,0,22,0,0
no_SwapRooms,45,5,46722,43270,7.39,1.897,89,5,50,35,0,22,4,0
no_SwapRooms,46,1,46206,41946,9.22,1.805,82,3,42,34,0,24,7,0
no_SwapRooms,46,2,46877,42982,8.31,1.613,65,1,40,27,0,21,5,0
no_SwapRooms,46,3,46656,42808,8.25,2.315,90,0,56,47,0,24,2,0
no_SwapRooms,46,4,45843,41626,9.20,1.662,62,3,45,38,0,28,5,0
no_SwapRooms,46,5,45171,42207,6.56,1.543,67,0,47,30,0,16,2,0
no_SwapDays,42,1,47366,44382,6.30,1.701,59,0,38,31,61,0,0,0
no_SwapDays,42,2,46209,43734,5.36,1.537,55,0,38,25,41,0,0,0
no_SwapDays,42,3,46302,43612,5.81,1.841,65,0,39,26,57,0,0,0
no_SwapDays,42,4,46743,43712,6.48,1.860,62,0,40,35,61,0,0,0
no_SwapDays,42,5,46467,43550,6.28,2.005,70,0,38,35,47,0,0,0
no_SwapDays,43,1,45495,42418,6.76,1.528,54,1,36,25,51,0,4,0
no_SwapDays,43,2,47151,44401,5.83,1.774,60,0,41,31,54,0,0,0
no_SwapDays,43,3,47065,44372,5.72,1.668,57,0,32,26,37,0,0,0
no_SwapDays,43,4,45474,42891,5.68,1.955,64,0,44,33,57,0,0,0
no_SwapDays,43,5,46833,43548,7.01,1.876,58,0,42,24,61,0,2,0
no_SwapDays,44,1,47555,44255,6.94,1.646,61,0,43,31,46,0,4,0
no_SwapDays,44,2,47211,44289,6.19,1.605,52,0,38,19,38,0,2,0
no_SwapDays,44,3,47261,44514,5.81,1.868,55,0,38,28,72,0,0,0
no_SwapDays,44,4,46713,44371,5.01,1.498,55,0,37,21,37,0,0,0
no_SwapDays,44,5,46440,43171,7.04,1.972,68,3,45,36,49,0,2,0
no_SwapDays,45,1,47883,45167,5.67,1.999,59,0,44,25,59,0,0,0
no_SwapDays,45,2,46184,43402,6.02,1.497,60,0,35,32,49,0,0,0
no_SwapDays,45,3,46514,44068,5.26,1.708,58,0,32,20,55,0,0,0
no_SwapDays,45,4,45550,42871,5.88,1.560,47,0,40,24,58,0,2,0
no_SwapDays,45,5,46817,44043,5.93,1.423,61,0,31,23,36,0,2,0
no_SwapDays,46,1,46206,42820,7.33,1.592,53,0,35,25,50,0,3,0
no_SwapDays,46,2,47344,44089,6.88,1.888,64,0,32,30,46,0,0,0
no_SwapDays,46,3,46870,44283,5.52,1.487,53,0,33,23,44,0,0,0
no_SwapDays,46,4,46796,43896,6.20,1.518,48,1,37,27,45,0,2,0
no_SwapDays,46,5,45694,42780,6.38,1.744,60,0,44,23,54,0,2,0
no_ToggleOpt,42,1,47366,44022,7.06,1.485,64,5,45,35,47,20,0,0
no_ToggleOpt,42,2,45292,42510,6.14,1.494,59,0,37,17,45,16,0,0
no_ToggleOpt,42,3,46857,43445,7.28,1.751,72,3,48,38,70,14,0,0
no_ToggleOpt,42,4,47964,43944,8.38,1.686,79,6,50,44,54,28,0,0
no_ToggleOpt,42,5,46324,43329,6.47,1.555,66,0,38,18,41,18,0,0
no_ToggleOpt,43,1,45495,42154,7.34,2.205,85,11,43,32,65,19,0,0
no_ToggleOpt,43,2,46794,43546,6.94,1.439,72,0,50,33,39,27,0,0
no_ToggleOpt,43,3,46396,42654,8.07,2.030,88,10,48,35,60,26,0,0
no_ToggleOpt,43,4,46359,42806,7.66,1.715,60,10,50,32,48,21,0,0
no_ToggleOpt,43,5,46986,43635,7.13,1.407,62,0,41,27,48,29,0,0
no_ToggleOpt,44,1,47555,43781,7.94,1.510,57,7,43,34,55,17,0,0
no_ToggleOpt,44,2,46831,43315,7.51,1.980,80,6,49,38,56,26,0,0
no_ToggleOpt,44,3,45558,42543,6.62,1.543,67,2,39,29,45,20,0,0
no_ToggleOpt,44,4,47280,43962,7.02,1.450,44,1,41,26,41,18,0,0
no_ToggleOpt,44,5,46576,43214,7.22,2.372,103,12,54,40,54,19,0,0
no_ToggleOpt,45,1,47883,44436,7.20,1.717,56,14,51,29,62,27,0,0
no_ToggleOpt,45,2,47570,44061,7.38,1.703,68,1,47,40,51,19,0,0
no_ToggleOpt,45,3,47638,44399,6.80,1.602,50,2,28,28,50,16,0,0
no_ToggleOpt,45,4,47213,43805,7.22,1.970,98,6,51,38,52,17,0,0
no_ToggleOpt,45,5,46670,43697,6.37,1.519,61,1,44,33,56,21,0,0
no_ToggleOpt,46,1,46206,42877,7.20,1.511,53,3,46,31,44,22,0,0
no_ToggleOpt,46,2,47264,43897,7.12,1.837,80,12,41,27,62,25,0,0
no_ToggleOpt,46,3,46756,43557,6.84,2.135,102,12,61,39,57,28,0,0
no_ToggleOpt,46,4,47559,44376,6.69,1.287,52,0,37,33,39,15,0,0
no_ToggleOpt,46,5,47210,44110,6.57,1.613,76,11,56,28,48,13,0,0
no_ChangeNurse,42,1,47366,43869,7.38,1.194,55,1,41,39,46,20,1,0
no_ChangeNurse,42,2,47346,42641,9.94,1.632,74,4,60,30,60,20,5,0
no_ChangeNurse,42,3,47469,42919,9.59,1.477,57,1,29,32,57,19,3,0
no_ChangeNurse,42,4,45934,41871,8.85,1.859,74,1,50,22,58,19,5,0
no_ChangeNurse,42,5,46084,42127,8.59,1.568,65,0,46,21,65,16,5,0
no_ChangeNurse,43,1,45495,42090,7.48,1.423,53,0,47,32,46,22,2,0
no_ChangeNurse,43,2,46254,43092,6.84,1.429,63,0,38,16,49,16,1,0
no_ChangeNurse,43,3,47225,43148,8.63,1.710,88,0,45,37,50,22,3,0
no_ChangeNurse,43,4,46376,42101,9.22,1.378,69,2,42,23,48,18,2,0
no_ChangeNurse,43,5,46895,43064,8.17,1.461,66,1,39,30,47,13,2,0
no_ChangeNurse,44,1,47555,43440,8.65,1.195,54,1,34,24,49,25,7,0
no_ChangeNurse,44,2,47150,44259,6.13,1.154,46,0,28,18,49,16,0,0
no_ChangeNurse,44,3,47103,44086,6.41,1.267,56,0,46,22,38,22,1,0
no_ChangeNurse,44,4,46379,43368,6.49,1.350,68,0,50,25,57,23,1,0
no_ChangeNurse,44,5,47270,43145,8.73,1.383,51,0,56,31,45,29,1,0
no_ChangeNurse,45,1,47883,43933,8.25,1.102,50,0,37,36,44,17,3,0
no_ChangeNurse,45,2,45674,42198,7.61,1.472,56,0,44,29,61,23,1,0
no_ChangeNurse,45,3,46526,43158,7.24,1.501,62,2,39,32,46,20,1,0
no_ChangeNurse,45,4,46423,43457,6.39,1.334,42,0,34,30,53,10,1,0
no_ChangeNurse,45,5,46765,43744,6.46,1.554,62,0,50,31,50,24,0,0
no_ChangeNurse,46,1,46206,43132,6.65,1.248,47,1,38,23,33,10,2,0
no_ChangeNurse,46,2,46990,43470,7.49,1.618,77,0,36,32,46,19,1,0
no_ChangeNurse,46,3,46614,42928,7.91,1.563,68,0,39,29,61,26,2,0
no_ChangeNurse,46,4,47084,43850,6.87,1.323,54,1,24,29,41,13,1,0
no_ChangeNurse,46,5,45964,42631,7.25,1.526,46,1,43,23,61,20,1,0
only_ChangeRoom,42,1,47366,45168,4.64,0.461,132,0,0,0,0,0,0,0
only_ChangeRoom,42,2,47135,44825,4.90,0.416,113,0,0,0,0,0,0,0
only_ChangeRoom,42,3,47002,44797,4.69,0.327,93,0,0,0,0,0,0,0
only_ChangeRoom,42,4,46965,44467,5.32,0.426,112,0,0,0,0,0,0,0
only_ChangeRoom,42,5,46779,44577,4.71,0.364,97,0,0,0,0,0,0,0
only_ChangeRoom,43,1,45495,43457,4.48,0.350,75,0,0,0,0,0,0,0
only_ChangeRoom,43,2,46443,43293,6.78,0.414,121,0,0,0,0,0,0,0
only_ChangeRoom,43,3,47595,45749,3.88,0.367,91,0,0,0,0,0,0,0
only_ChangeRoom,43,4,46816,45639,2.51,0.402,82,0,0,0,0,0,0,0
only_ChangeRoom,43,5,46426,44470,4.21,0.368,113,0,0,0,0,0,0,0
only_ChangeRoom,44,1,47555,45156,5.04,0.397,92,0,0,0,0,0,0,0
only_ChangeRoom,44,2,46975,44816,4.60,0.382,109,0,0,0,0,0,0,0
only_ChangeRoom,44,3,46403,43985,5.21,0.429,117,0,0,0,0,0,0,0
only_ChangeRoom,44,4,46543,44416,4.57,0.428,108,0,0,0,0,0,0,0
only_ChangeRoom,44,5,47222,45225,4.23,0.354,88,0,0,0,0,0,0,0
only_ChangeRoom,45,1,47883,45800,4.35,0.352,101,0,0,0,0,0,0,0
only_ChangeRoom,45,2,45947,44195,3.81,0.425,97,0,0,0,0,0,0,0
only_ChangeRoom,45,3,46081,44096,4.31,0.316,70,0,0,0,0,0,0,0
only_ChangeRoom,45,4,47472,45162,4.87,0.354,94,0,0,0,0,0,0,0
only_ChangeRoom,45,5,46705,44717,4.26,0.384,92,0,0,0,0,0,0,0
only_ChangeRoom,46,1,46206,43936,4.91,0.389,93,0,0,0,0,0,0,0
only_ChangeRoom,46,2,47575,45618,4.11,0.387,91,0,0,0,0,0,0,0
only_ChangeRoom,46,3,45574,43367,4.84,0.347,104,0,0,0,0,0,0,0
only_ChangeRoom,46,4,44881,42903,4.41,0.446,112,0,0,0,0,0,0,0
only_ChangeRoom,46,5,47300,45191,4.46,0.390,95,0,0,0,0,0,0,0
only_ChangeDay,42,1,47366,47366,0.00,0.003,0,0,0,0,0,0,0,0
only_ChangeDay,42,2,46686,46686,0.00,0.003,0,0,0,0,0,0,0,0
only_ChangeDay,42,3,45918,45918,0.00,0.003,0,0,0,0,0,0,0,0
only_ChangeDay,42,4,46944,46944,0.00,0.003,0,0,0,0,0,0,0,0
only_ChangeDay,42,5,46143,46143,0.00,0.002,0,0,0,0,0,0,0,0
only_ChangeDay,43,1,45495,45495,0.00,0.002,0,0,0,0,0,0,0,0
only_ChangeDay,43,2,47189,47189,0.00,0.002,0,0,0,0,0,0,0,0
only_ChangeDay,43,3,46811,46811,0.00,0.003,0,0,0,0,0,0,0,0
only_ChangeDay,43,4,46692,46692,0.00,0.003,0,0,0,0,0,0,0,0
only_ChangeDay,43,5,47488,47488,0.00,0.002,0,0,0,0,0,0,0,0
only_ChangeDay,44,1,47555,47555,0.00,0.003,0,0,0,0,0,0,0,0
only_ChangeDay,44,2,46752,46752,0.00,0.003,0,0,0,0,0,0,0,0
only_ChangeDay,44,3,46101,46101,0.00,0.003,0,0,0,0,0,0,0,0
only_ChangeDay,44,4,44629,44629,0.00,0.003,0,0,0,0,0,0,0,0
only_ChangeDay,44,5,47145,47145,0.00,0.003,0,0,0,0,0,0,0,0
only_ChangeDay,45,1,47883,47883,0.00,0.003,0,0,0,0,0,0,0,0
only_ChangeDay,45,2,46773,46773,0.00,0.002,0,0,0,0,0,0,0,0
only_ChangeDay,45,3,47092,47092,0.00,0.002,0,0,0,0,0,0,0,0
only_ChangeDay,45,4,46624,46624,0.00,0.002,0,0,0,0,0,0,0,0
only_ChangeDay,45,5,47365,47365,0.00,0.002,0,0,0,0,0,0,0,0
only_ChangeDay,46,1,46206,46206,0.00,0.004,0,0,0,0,0,0,0,0
only_ChangeDay,46,2,46691,46691,0.00,0.002,0,0,0,0,0,0,0,0
only_ChangeDay,46,3,46645,46645,0.00,0.002,0,0,0,0,0,0,0,0
only_ChangeDay,46,4,47657,47657,0.00,0.003,0,0,0,0,0,0,0,0
only_ChangeDay,46,5,46410,46410,0.00,0.003,0,0,0,0,0,0,0,0
only_ChangeOT,42,1,47366,46882,1.02,0.193,0,0,38,0,0,0,0,0
only_ChangeOT,42,2,46625,46296,0.71,0.202,0,0,32,0,0,0,0,0
only_ChangeOT,42,3,47058,46730,0.70,0.202,0,0,29,0,0,0,0,0
only_ChangeOT,42,4,46546,46191,0.76,0.218,0,0,28,0,0,0,0,0
only_ChangeOT,42,5,46934,46665,0.57,0.189,0,0,30,0,0,0,0,0
only_ChangeOT,43,1,45495,45079,0.91,0.217,0,0,29,0,0,0,0,0
only_ChangeOT,43,2,46756,46367,0.83,0.181,0,0,34,0,0,0,0,0
only_ChangeOT,43,3,47385,47029,0.75,0.188,0,0,30,0,0,0,0,0
only_ChangeOT,43,4,47118,46760,0.76,0.205,0,0,31,0,0,0,0,0
only_ChangeOT,43,5,47058,46701,0.76,0.194,0,0,33,0,0,0,0,0
only_ChangeOT,44,1,47555,47105,0.95,0.188,0,0,33,0,0,0,0,0
only_ChangeOT,44,2,46522,46126,0.85,0.198,0,0,42,0,0,0,0,0
only_ChangeOT,44,3,45689,45333,0.78,0.180,0,0,28,0,0,0,0,0
only_ChangeOT,44,4,46620,46326,0.63,0.183,0,0,26,0,0,0,0,0
only_ChangeOT,44,5,46574,46210,0.78,0.219,0,0,38,0,0,0,0,0
only_ChangeOT,45,1,47883,47527,0.74,0.174,0,0,31,0,0,0,0,0
only_ChangeOT,45,2,46430,46004,0.92,0.187,0,0,39,0,0,0,0,0
only_ChangeOT,45,3,46296,46001,0.64,0.193,0,0,29,0,0,0,0,0
only_ChangeOT,45,4,46125,45766,0.78,0.201,0,0,32,0,0,0,0,0
only_ChangeOT,45,5,46273,46036,0.51,0.180,0,0,28,0,0,0,0,0
only_ChangeOT,46,1,46206,45910,0.64,0.197,0,0,26,0,0,0,0,0
only_ChangeOT,46,2,47615,47225,0.82,0.197,0,0,33,0,0,0,0,0
only_ChangeOT,46,3,46070,45557,1.11,0.199,0,0,35,0,0,0,0,0
only_ChangeOT,46,4,46384,46024,0.78,0.214,0,0,34,0,0,0,0,0
only_ChangeOT,46,5,46604,46307,0.64,0.215,0,0,30,0,0,0,0,0
only_Relocate,42,1,47366,45118,4.75,0.143,0,0,0,87,0,0,0,0
only_Relocate,42,2,47020,45348,3.56,0.094,0,0,0,72,0,0,0,0
only_Relocate,42,3,46473,44663,3.89,0.121,0,0,0,66,0,0,0,0
only_Relocate,42,4,46226,44400,3.95,0.112,0,0,0,67,0,0,0,0
only_Relocate,42,5,47350,45566,3.77,0.102,0,0,0,86,0,0,0,0
only_Relocate,43,1,45495,43702,3.94,0.108,0,0,0,70,0,0,0,0
only_Relocate,43,2,47099,45668,3.04,0.111,0,0,0,64,0,0,0,0
only_Relocate,43,3,46437,44741,3.65,0.087,0,0,0,62,0,0,0,0
only_Relocate,43,4,46533,44791,3.74,0.083,0,0,0,70,0,0,0,0
only_Relocate,43,5,47710,45656,4.31,0.114,0,0,0,88,0,0,0,0
only_Relocate,44,1,47555,45421,4.49,0.114,0,0,0,79,0,0,0,0
only_Relocate,44,2,46246,44516,3.74,0.106,0,0,0,62,0,0,0,0
only_Relocate,44,3,47164,45804,2.88,0.079,0,0,0,53,0,0,0,0
only_Relocate,44,4,46393,44703,3.64,0.087,0,0,0,70,0,0,0,0
only_Relocate,44,5,47601,45483,4.45,0.099,0,0,0,67,0,0,0,0
only_Relocate,45,1,47883,46302,3.30,0.099,0,0,0,71,0,0,0,0
only_Relocate,45,2,47156,45150,4.25,0.145,0,0,0,88,0,0,0,0
only_Relocate,45,3,45866,44285,3.45,0.111,0,0,0,58,0,0,0,0
only_Relocate,45,4,46552,44419,4.58,0.094,0,0,0,81,0,0,0,0
only_Relocate,45,5,46955,45069,4.02,0.131,0,0,0,91,0,0,0,0
only_Relocate,46,1,46206,44194,4.35,0.094,0,0,0,64,0,0,0,0
only_Relocate,46,2,46077,43523,5.54,0.126,0,0,0,82,0,0,0,0
only_Relocate,46,3,46838,44704,4.56,0.117,0,0,0,70,0,0,0,0
only_Relocate,46,4,45607,43459,4.71,0.112,0,0,0,86,0,0,0,0
only_Relocate,46,5,46410,44425,4.28,0.128,0,0,0,88,0,0,0,0
only_SwapRooms,42,1,47366,45515,3.91,0.095,0,0,0,0,109,0,0,0
only_SwapRooms,42,2,46288,44146,4.63,0.086,0,0,0,0,110,0,0,0
only_SwapRooms,42,3,47396,45221,4.59,0.098,0,0,0,0,104,0,0,0
only_SwapRooms,42,4,46745,45185,3.34,0.081,0,0,0,0,80,0,0,0
only_SwapRooms,42,5,46923,44715,4.71,0.066,0,0,0,0,76,0,0,0
only_SwapRooms,43,1,45495,43469,4.45,0.091,0,0,0,0,112,0,0,0
only_SwapRooms,43,2,46348,44347,4.32,0.080,0,0,0,0,104,0,0,0
only_SwapRooms,43,3,46257,44109,4.64,0.075,0,0,0,0,113,0,0,0
only_SwapRooms,43,4,47266,45600,3.52,0.080,0,0,0,0,86,0,0,0
only_SwapRooms,43,5,47753,45963,3.75,0.067,0,0,0,0,75,0,0,0
only_SwapRooms,44,1,47555,45186,4.98,0.092,0,0,0,0,117,0,0,0
only_SwapRooms,44,2,45993,43984,4.37,0.091,0,0,0,0,96,0,0,0
only_SwapRooms,44,3,46623,45093,3.28,0.068,0,0,0,0,71,0,0,0
only_SwapRooms,44,4,47539,45118,5.09,0.097,0,0,0,0,124,0,0,0
only_SwapRooms,44,5,46300,44146,4.65,0.096,0,0,0,0,105,0,0,0
only_SwapRooms,45,1,47883,46121,3.68,0.082,0,0,0,0,89,0,0,0
only_SwapRooms,45,2,44768,43277,3.33,0.069,0,0,0,0,72,0,0,0
only_SwapRooms,45,3,46545,44818,3.71,0.078,0,0,0,0,73,0,0,0
only_SwapRooms,45,4,46725,44536,4.68,0.079,0,0,0,0,101,0,0,0
only_SwapRooms,45,5,46483,44630,3.99,0.094,0,0,0,0,103,0,0,0
only_SwapRooms,46,1,46206,44016,4.74,0.081,0,0,0,0,89,0,0,0
only_SwapRooms,46,2,47140,45143,4.24,0.057,0,0,0,0,63,0,0,0
only_SwapRooms,46,3,46508,44503,4.31,0.082,0,0,0,0,92,0,0,0
only_SwapRooms,46,4,45398,43564,4.04,0.080,0,0,0,0,87,0,0,0
only_SwapRooms,46,5,46860,44262,5.54,0.082,0,0,0,0,109,0,0,0
only_SwapDays,42,1,47366,46568,1.68,0.019,0,0,0,0,0,26,0,0
only_SwapDays,42,2,47418,46348,2.26,0.023,0,0,0,0,0,35,0,0
only_SwapDays,42,3,46509,46026,1.04,0.015,0,0,0,0,0,22,0,0
only_SwapDays,42,4,47367,46282,2.29,0.018,0,0,0,0,0,26,0,0
only_SwapDays,42,5,47079,46122,2.03,0.016,0,0,0,0,0,29,0,0
only_SwapDays,43,1,45495,44647,1.86,0.015,0,0,0,0,0,27,0,0
only_SwapDays,43,2,47597,46404,2.51,0.025,0,0,0,0,0,52,0,0
only_SwapDays,43,3,45853,44889,2.10,0.020,0,0,0,0,0,34,0,0
only_SwapDays,43,4,47133,45623,3.20,0.023,0,0,0,0,0,37,0,0
only_SwapDays,43,5,46676,44904,3.80,0.024,0,0,0,0,0,42,0,0
only_SwapDays,44,1,47555,45787,3.72,0.023,0,0,0,0,0,32,0,0
only_SwapDays,44,2,47003,46513,1.04,0.012,0,0,0,0,0,26,0,0
only_SwapDays,44,3,45804,45095,1.55,0.020,0,0,0,0,0,27,0,0
only_SwapDays,44,4,46254,45371,1.91,0.014,0,0,0,0,0,24,0,0
only_SwapDays,44,5,46592,45452,2.45,0.024,0,0,0,0,0,45,0,0
only_SwapDays,45,1,47883,47155,1.52,0.011,0,0,0,0,0,15,0,0
only_SwapDays,45,2,47319,46583,1.56,0.012,0,0,0,0,0,19,0,0
only_SwapDays,45,3,47169,45895,2.70,0.020,0,0,0,0,0,38,0,0
only_SwapDays,45,4,45991,45034,2.08,0.021,0,0,0,0,0,33,0,0
only_SwapDays,45,5,45726,44594,2.48,0.023,0,0,0,0,0,40,0,0
only_SwapDays,46,1,46206,45155,2.27,0.022,0,0,0,0,0,23,0,0
only_SwapDays,46,2,46630,46063,1.22,0.015,0,0,0,0,0,18,0,0
only_SwapDays,46,3,47388,46886,1.06,0.015,0,0,0,0,0,18,0,0
only_SwapDays,46,4,47542,46086,3.06,0.028,0,0,0,0,0,49,0,0
only_SwapDays,46,5,47033,46105,1.97,0.016,0,0,0,0,0,25,0,0
only_ToggleOpt,42,1,47366,47366,0.00,0.091,0,0,0,0,0,0,0,0
only_ToggleOpt,42,2,47872,47872,0.00,0.087,0,0,0,0,0,0,0,0
only_ToggleOpt,42,3,47066,47066,0.00,0.092,0,0,0,0,0,0,0,0
only_ToggleOpt,42,4,46690,46690,0.00,0.099,0,0,0,0,0,0,0,0
only_ToggleOpt,42,5,47637,47380,0.54,0.095,0,0,0,0,0,0,2,0
only_ToggleOpt,43,1,45495,45311,0.40,0.110,0,0,0,0,0,0,4,0
only_ToggleOpt,43,2,46037,45743,0.64,0.098,0,0,0,0,0,0,2,0
only_ToggleOpt,43,3,46397,46397,0.00,0.093,0,0,0,0,0,0,0,0
only_ToggleOpt,43,4,45977,45977,0.00,0.098,0,0,0,0,0,0,0,0
only_ToggleOpt,43,5,46746,46484,0.56,0.095,0,0,0,0,0,0,2,0
only_ToggleOpt,44,1,47555,46926,1.32,0.105,0,0,0,0,0,0,6,0
only_ToggleOpt,44,2,45911,45911,0.00,0.098,0,0,0,0,0,0,0,0
only_ToggleOpt,44,3,46172,46172,0.00,0.096,0,0,0,0,0,0,0,0
only_ToggleOpt,44,4,45674,45674,0.00,0.095,0,0,0,0,0,0,0,0
only_ToggleOpt,44,5,45510,45065,0.98,0.110,0,0,0,0,0,0,2,0
only_ToggleOpt,45,1,47883,47883,0.00,0.094,0,0,0,0,0,0,0,0
only_ToggleOpt,45,2,46201,46106,0.21,0.100,0,0,0,0,0,0,2,0
only_ToggleOpt,45,3,47509,47509,0.00,0.089,0,0,0,0,0,0,0,0
only_ToggleOpt,45,4,46462,46462,0.00,0.091,0,0,0,0,0,0,0,0
only_ToggleOpt,45,5,48532,48532,0.00,0.089,0,0,0,0,0,0,0,0
only_ToggleOpt,46,1,46206,45642,1.22,0.100,0,0,0,0,0,0,3,0
only_ToggleOpt,46,2,46966,46966,0.00,0.091,0,0,0,0,0,0,0,0
only_ToggleOpt,46,3,46209,46209,0.00,0.090,0,0,0,0,0,0,0,0
only_ToggleOpt,46,4,46204,45938,0.58,0.103,0,0,0,0,0,0,2,0
only_ToggleOpt,46,5,46581,46581,0.00,0.098,0,0,0,0,0,0,0,0
only_ChangeNurse,42,1,47366,47366,0.00,0.002,0,0,0,0,0,0,0,0
only_ChangeNurse,42,2,46916,46916,0.00,0.002,0,0,0,0,0,0,0,0
only_ChangeNurse,42,3,46855,46855,0.00,0.002,0,0,0,0,0,0,0,0
only_ChangeNurse,42,4,47840,47840,0.00,0.002,0,0,0,0,0,0,0,0
only_ChangeNurse,42,5,45708,45708,0.00,0.002,0,0,0,0,0,0,0,0
only_ChangeNurse,43,1,45495,45495,0.00,0.002,0,0,0,0,0,0,0,0
only_ChangeNurse,43,2,46221,46221,0.00,0.002,0,0,0,0,0,0,0,0
only_ChangeNurse,43,3,46294,46294,0.00,0.002,0,0,0,0,0,0,0,0
only_ChangeNurse,43,4,46505,46505,0.00,0.002,0,0,0,0,0,0,0,0
only_ChangeNurse,43,5,46157,46157,0.00,0.002,0,0,0,0,0,0,0,0
only_ChangeNurse,44,1,47555,47555,0.00,0.002,0,0,0,0,0,0,0,0
only_ChangeNurse,44,2,46955,46955,0.00,0.002,0,0,0,0,0,0,0,0
only_ChangeNurse,44,3,45667,45667,0.00,0.002,0,0,0,0,0,0,0,0
only_ChangeNurse,44,4,45669,45669,0.00,0.002,0,0,0,0,0,0,0,0
only_ChangeNurse,44,5,46988,46988,0.00,0.002,0,0,0,0,0,0,0,0
only_ChangeNurse,45,1,47883,47883,0.00,0.002,0,0,0,0,0,0,0,0
only_ChangeNurse,45,2,47592,47592,0.00,0.002,0,0,0,0,0,0,0,0
only_ChangeNurse,45,3,47273,47273,0.00,0.002,0,0,0,0,0,0,0,0
only_ChangeNurse,45,4,46829,46829,0.00,0.002,0,0,0,0,0,0,0,0
only_ChangeNurse,45,5,47386,47386,0.00,0.002,0,0,0,0,0,0,0,0
only_ChangeNurse,46,1,46206,46206,0.00,0.002,0,0,0,0,0,0,0,0
only_ChangeNurse,46,2,46159,46159,0.00,0.002,0,0,0,0,0,0,0,0
only_ChangeNurse,46,3,46470,46470,0.00,0.002,0,0,0,0,0,0,0,0
only_ChangeNurse,46,4,47139,47139,0.00,0.002,0,0,0,0,0,0,0,0
only_ChangeNurse,46,5,47535,47535,0.00,0.002,0,0,0,0,0,0,0,0
